{
    "best_model_name": "Linear Regression",
    "best_model_score": 0.8804332983749564,
    "all_models": {
        "Random Forest": 0.8558694625537049,
        "Decision Tree": 0.7193003652526687,
        "Gradient Boosting": 0.8732987135040614,
        "Linear Regression": 0.8804332983749564,
        "XGBRegressor": 0.8492434722253639,
        "CatBoosting Regressor": 0.8613734525258083,
        "AdaBoost Regressor": 0.8552721557108702
    }
}